{"cameraMode":{"drawMode":0,"name":"Shaded","section":"Shading Mode"},"sceneLighting":true,"audioPlay":false,"sceneViewState":{"showFog":true,"showMaterialUpdate":false,"showSkybox":true,"showFlares":true,"showImageEffects":true,"showParticleSystems":true},"in2DMode":false,"pivot":{"x":5.2390971183776859,"y":-6.827245712280273,"z":23.20486068725586},"rotation":{"x":-0.25776946544647219,"y":-0.06458370387554169,"z":0.017269853502511979,"w":-0.9638965129852295},"size":13.281588554382325,"orthographic":false}